season,team,runs_per_ball,dot_ball_rate_bat,wickets_taken,dot_ball_rate_bowl,powerplay_economy,death_economy,runs_allowed_per_legal_ball,boundary_rate_per_ball,death_run_rate,powerplay_run_rate,fielding_dismissals,win,n_matches,close_game_win_pct_raw,chase_win_pct_raw,close_game_run_diff_raw,n_close_games,n_chases,runs_per_ball_shrunk,dot_ball_rate_bat_shrunk,wickets_taken_shrunk,dot_ball_rate_bowl_shrunk,powerplay_economy_shrunk,death_economy_shrunk,runs_allowed_per_legal_ball_shrunk,boundary_rate_per_ball_shrunk,death_run_rate_shrunk,powerplay_run_rate_shrunk,fielding_dismissals_shrunk,close_game_win_pct_shrunk,chase_win_pct_shrunk,close_game_run_diff_shrunk,runs_per_ball_z,dot_ball_rate_bat_z,wickets_taken_z,dot_ball_rate_bowl_z,powerplay_economy_z,death_economy_z,runs_allowed_per_legal_ball_z,boundary_rate_per_ball_z,death_run_rate_z,powerplay_run_rate_z,fielding_dismissals_z,close_game_win_pct_z,chase_win_pct_z,close_game_run_diff_z,batting_score,bowling_score,run_prevention_score,explosiveness_score,fielding_score,pressure_score,EDGE_z,EDGE,rank_within_season
2011/12,Duronto Rajshahi,1.2883635829238342,0.3532635633292401,5.571428571428571,0.4129745623108455,7.595238095238095,9.844729344729345,1.2316987830262165,0.1504193312874066,9.844729344729345,7.595238095238095,6.714285714285714,0.7142857142857143,7,1.0,0.75,6.5,2,4,1.2883635829238342,0.3532635633292401,5.571428571428571,0.4129745623108455,7.595238095238095,9.844729344729345,1.2316987830262165,0.1504193312874066,9.844729344729345,7.595238095238095,7.2989010989011,0.55,0.675,0.6499999999999999,-0.4013857073327077,1.735525426138545,0.1135150358272112,1.3177183525656897,1.4291296083081344,-1.1927521602614797,0.83304109157171,-0.7589252363480625,1.1927521602614797,-1.4291296083081344,-1.2029182560980878,1.7286446079939517,1.10247840796295,1.9307550407384493,0.6670698594029187,0.7156166941964505,0.3564728465394549,-0.3317675614649057,-1.2029182560980878,1.587292685565117,0.2986277113568246,69.5945945945946,1
2011/12,Khulna Royal Bengals,1.30794395280236,0.3711946902654867,5.6,0.3749109231206418,7.6,9.683478260869563,1.3533553019870157,0.1622389380530973,9.683478260869563,7.6,8.8,0.4,5,1.0,1.0,2.0,1,1,1.3018052974765766,0.3741463572658747,5.602597402597402,0.3759518703505001,7.889610389610389,9.051350742655089,1.3209152507198492,0.1582226305846403,9.051350742655089,7.889610389610389,8.353246753246754,0.4857142857142857,0.6785714285714286,-0.8285714285714286,-0.0742131220383972,0.0680414101045667,0.2074585137531765,0.0370041533462393,0.6243195597370942,-0.3253188768373712,-0.1620570273848297,0.3398887971992149,0.3253188768373712,-0.6243195597370942,0.7645782737385539,0.9308086350736664,1.167918181560091,0.3541621672360468,-0.0030858559669152,0.1222313335497079,0.045647885171631,0.0136293714331639,0.7645782737385539,0.8176296612899346,0.293438444869346,68.24324324324324,2
2011/12,Chittagong Kings,1.2458543096872616,0.3560144927536232,5.6,0.42,8.666666666666668,5.56,1.1566666666666667,0.1388901601830663,5.56,8.666666666666668,9.2,0.6,5,0.0,0.5,-9.0,1,4,1.2735827324242592,0.3672462674877549,5.602597402597402,0.3964469052956629,8.374458874458876,7.1770424422598325,1.2315113255742358,0.1476095497346262,7.1770424422598325,8.374458874458876,8.535064935064934,0.3428571428571429,0.575,-2.4,-0.7611529864115548,0.6190112395788554,0.2074585137531765,0.7459823739435723,-0.7012499320269745,1.7239390674911397,0.8351319450057524,-1.1545819046104036,-1.7239390674911397,0.7012499320269745,1.1038660967727256,-0.8421601936380788,-0.7298352527570062,-1.321443785278584,-0.0710708734163497,0.4767204438483743,0.6192736934899725,-0.7257570133581895,1.1038660967727256,-0.9644797438912232,0.0730921005742183,56.08108108108109,3
2011/12,Sylhet Royals,1.2675252525252525,0.3837878787878788,6.4,0.3666666666666666,8.966666666666665,8.093333333333334,1.2958333333333334,0.1499494949494949,8.093333333333334,8.966666666666665,9.0,0.4,5,0.0,0.3333333333333333,-2.0,1,3,1.2834331609869822,0.379870533866962,5.966233766233765,0.3722044810532387,8.51082251082251,8.328557593774985,1.2947689013318118,0.1526365200830028,8.328557593774985,8.51082251082251,8.444155844155844,0.3428571428571429,0.5277777777777779,-1.4,-0.5213926369057325,-0.3890321508485968,1.303465756222786,-0.0926280918763995,-1.074066351585614,0.4649404429001652,0.1295728002268432,-0.4467139433007009,-0.4649404429001652,1.074066351585614,0.9342221852556398,-0.8421601936380788,-1.595094481430315,-0.2551490882238189,-0.4552123938771646,0.6054188321731933,-0.1598510361528685,0.0541373217949159,0.9342221852556398,-0.8974679210974043,0.0135411646827185,53.37837837837838,4
2011/12,Dhaka Gladiators,1.2756254029658285,0.4131108961960025,5.6,0.367008547008547,7.4333333333333345,8.24,1.232128205128205,0.1581592520954223,8.24,7.4333333333333345,7.6,0.4,5,0.0,0.5,-4.0,1,2,1.2871150475508806,0.3931991781433819,5.602597402597402,0.3723598812086389,7.813852813852815,8.395224260441651,1.2658120248749352,0.1563682278766062,8.395224260441651,7.813852813852815,7.807792207792207,0.3428571428571429,0.59375,-1.6857142857142855,-0.4317751747029479,-1.453319877566197,0.2074585137531765,-0.0872523837621686,0.8314397928252256,0.3920510488448985,0.4525505423186357,0.078762875736955,-0.3920510488448985,-0.8314397928252256,-0.2532851953639746,-0.8421601936380788,-0.3862764413720139,-0.5598047159537519,-0.9425475261345724,0.0601030649955039,0.5586804613295867,-0.3815759886443897,-0.2532851953639746,-0.5960804503212817,-0.2591176056898546,33.108108108108105,5
2011/12,Barisal Burners,1.3948260073260073,0.3822649572649572,4.857142857142857,0.3193552591455917,8.523809523809524,9.725925925925926,1.493608957841826,0.1695970695970696,9.725925925925926,8.523809523809524,6.571428571428571,0.4285714285714285,7,,0.6666666666666666,,0,3,1.3948260073260073,0.3822649572649572,4.857142857142857,0.3193552591455917,8.523809523809524,9.725925925925926,1.493608957841826,0.1695970695970696,9.725925925925926,8.523809523809524,7.221978021978022,0.4,0.638888888888889,-1.3,2.1899196273913346,-0.5802260474071647,-2.039356333309524,-1.920824404216939,-1.1095726772578658,-1.062859522137351,-2.088239351738112,1.941569411322989,1.062859522137351,1.1095726772578658,-1.3464631043048554,-0.1329726621533811,0.4408095860363001,-0.1485196185183424,0.804846789992085,-1.980090368763232,-1.420223850377776,1.371333870239402,-1.3464631043048554,0.0531057684548588,-0.4195818157932529,18.243243243243242,6
2012/13,Dhaka Gladiators,1.3727200544464608,0.3619719197418834,7.083333333333333,0.380535881844487,7.180555555555556,9.983216783216784,1.248540957912318,0.1663465416414599,9.983216783216784,7.180555555555556,9.416666666666666,0.75,12,1.0,0.6666666666666666,4.0,1,3,1.3727200544464608,0.3619719197418834,7.083333333333333,0.380535881844487,7.180555555555556,9.983216783216784,1.248540957912318,0.1663465416414599,9.983216783216784,7.180555555555556,9.373809523809523,0.6836734693877553,0.4972789115646258,1.7755102040816326,1.1217650159222752,0.9273340649291488,0.5315298257669975,-0.0079799518900922,0.3181765817216337,-1.0564523602654232,0.6154213058804743,0.8494170981937,1.0564523602654232,-0.3181765817216337,0.1755226351124468,0.9100036185659648,0.730747421440865,0.7912431043066441,1.024549540425712,0.2617749369384526,-0.0409514908877717,0.5292309589124965,0.1755226351124468,0.8106647147711579,0.4601318825454156,87.16216216216216,1
2012/13,Sylhet Royals,1.4180174866914954,0.3478623457240389,7.8,0.3823662207357859,8.6,10.373167388167388,1.2838749535488667,0.1811231896658271,10.373167388167388,8.6,8.6,0.8,10,0.3333333333333333,0.8571428571428571,-1.3333333333333333,3,7,1.4180174866914954,0.3478623457240389,7.8,0.3823662207357859,8.6,10.373167388167388,1.2838749535488667,0.1811231896658271,10.373167388167388,8.6,8.858035714285714,0.5317460317460319,0.6519623233908948,0.4920634920634921,1.741922694219873,1.6475170935329977,1.376009313825792,0.0687058534455443,-1.636436058559575,-1.4508610264820456,0.0953941672948325,1.921217324612819,1.4508610264820456,1.636436058559575,-0.8811023482392698,-0.8341389932339421,2.079180128571795,-0.7334049900750517,1.6947198938764352,0.7223575836356682,-0.9973009725822628,1.6695048032181463,-0.8811023482392698,0.1705453817542671,0.3964540569438307,79.05405405405406,2
2012/13,Chittagong Kings,1.2535635377919063,0.3839355699784025,7.4,0.4302906976744186,6.616666666666667,8.810222222222222,1.150406976744186,0.1440358032458764,8.810222222222222,6.616666666666667,10.4,0.5,10,0.3333333333333333,0.2,-2.333333333333333,3,5,1.2535635377919063,0.3839355699784025,7.4,0.4302906976744186,6.616666666666667,8.810222222222222,1.150406976744186,0.1440358032458764,8.810222222222222,6.616666666666667,9.983035714285714,0.5317460317460319,0.3159554730983302,0.1587301587301587,-0.5095819514462316,-0.1937379197053291,0.9046719251418144,2.076600198475827,1.09466653471006,0.1299523135773536,2.0597055569402096,-0.7688561681473168,-0.1299523135773536,-1.09466653471006,1.4235961151591676,-0.8341389932339421,-0.8499162845808638,-1.1293824986865522,-0.3516599355757804,1.4906360618088206,1.0947748017425412,-0.6644916721449101,1.4235961151591676,-0.9378125921671192,0.3425071298037865,76.35135135135135,3
2012/13,Barisal Burners,1.2876058885988793,0.3839025357132834,6.833333333333333,0.3683948205796001,6.875,9.361191749427045,1.298306131464449,0.1569658053692321,9.361191749427045,6.875,10.0,0.4166666666666667,12,0.25,0.4285714285714285,-1.5,4,7,1.2876058885988793,0.3839025357132834,6.833333333333333,0.3683948205796001,6.875,9.361191749427045,1.298306131464449,0.1569658053692321,9.361191749427045,6.875,9.762698412698413,0.4785714285714286,0.421193092621664,0.2428571428571426,-0.0435152409527487,-0.1920517797076882,0.2369439578395111,-0.5166546378475104,0.7389346843262005,-0.427316103478653,-0.1169963088645626,0.1690005893906202,0.427316103478653,-0.7389346843262005,0.9722085236946236,-1.4445889073639095,0.067479100680252,-1.029445317941745,-0.1177835103302185,-0.1398553400039996,0.0648740906609949,-0.0475393304856423,0.9722085236946236,-0.8021850415418008,-0.0117134346676738,50.67567567567568,4
2012/13,Rangpur Riders,1.2543435322847087,0.3771600948071536,6.4,0.3445119208277103,8.033333333333333,7.779003831417624,1.3452330345093502,0.1419787402140343,7.779003831417624,8.033333333333333,9.6,0.4,10,0.5,0.25,-1.0,2,4,1.2543435322847087,0.3771600948071536,6.4,0.3445119208277103,8.033333333333333,7.779003831417624,1.3452330345093502,0.1419787402140343,7.779003831417624,8.033333333333333,9.483035714285714,0.5982142857142858,0.3475510204081632,0.8035714285714284,-0.4989032098538915,0.1520969171854914,-0.2736715465681312,-1.517277751922398,-0.8561210319111079,1.1729599789887506,-0.8076417531030705,-0.9180619027395636,-1.1729599789887506,0.8561210319111079,0.3992856869820843,-0.0710766005714835,-0.5744861729142539,-0.3633545802416854,-0.1734031463342,-0.8954746492452645,-0.1636009353418092,-0.4116336166057353,0.3992856869820843,-0.3363057845758075,-0.2635220741867887,31.756756756756754,5
2012/13,Duronto Rajshahi,1.2631237549167968,0.3924534911488525,5.363636363636363,0.3739322063909769,7.954545454545454,7.479102715466351,1.3536640188064477,0.1516866986313908,7.479102715466351,7.954545454545454,9.0,0.3636363636363636,11,1.0,0.2857142857142857,3.0,2,7,1.2631237549167968,0.3924534911488525,5.363636363636363,0.3739322063909769,7.954545454545454,7.479102715466351,1.3536640188064477,0.1516866986313908,7.479102715466351,7.954545454545454,9.101680672268907,0.7232142857142858,0.3442700156985871,1.8035714285714284,-0.3786950167493327,-0.6285109509949492,-1.4948638717948028,-0.2846544916351347,-0.7476280335535666,1.4762896767441902,-0.931724539680002,-0.2139108657363161,-1.4762896767441902,0.7476280335535666,-0.3819662057693661,1.3639362572713494,-0.6030879086169292,0.8245779455928162,-0.503602983872141,-0.8897591817149688,-0.067687632163126,-0.3141908363089798,-0.3819662057693661,0.5284754314157455,-0.2714552347354727,29.054054054054053,6
2012/13,Khulna Royal Bengals,1.1861159857250474,0.4136935137837303,5.545454545454546,0.3850526848224928,6.621212121212121,8.785034965034965,1.3524704639881195,0.1403140697847995,8.785034965034965,6.621212121212121,8.0,0.2727272727272727,11,1.0,0.2,9.0,1,5,1.1861159857250474,0.4136935137837303,5.545454545454546,0.3850526848224928,6.621212121212121,8.785034965034965,1.3524704639881195,0.1403140697847995,8.785034965034965,6.621212121212121,8.454621848739496,0.6836734693877553,0.3159554730983302,2.4897959183673466,-1.432992291139928,-1.7126474252396566,-1.2806196042111757,0.1812607813737687,1.0884073232663565,0.1554275209158303,-0.9141584284678784,-1.0388060755739508,-0.1554275209158303,-1.0884073232663565,-1.707544406939708,0.9100036185659648,-0.8499162845808638,1.6397663370455733,-1.5728198581897923,-0.5496794114187034,0.1098921385714361,-0.7608803065853792,-1.707544406939708,0.566617890343558,-0.6524023257030982,7.4324324324324325,7
2015/16,Rangpur Riders,1.088179950506607,0.4470216073542458,7.363636363636363,0.4582863355905473,6.045454545454546,7.44,1.0919273902893951,0.12739034961232,7.44,6.045454545454546,10.272727272727272,0.5454545454545454,11,1.0,0.6,6.0,1,5,1.088179950506607,0.4470216073542458,7.363636363636363,0.4582863355905473,6.045454545454546,7.44,1.0919273902893951,0.12739034961232,7.44,6.045454545454546,9.787539258127492,0.6000000000000001,0.5995670995670995,1.342857142857143,-0.6058606457872222,-0.2180275252496317,1.248763211772063,1.408999498448714,0.7528853726593124,0.8517543608473858,0.5726378906302146,0.1173057356189673,-0.8517543608473858,-0.7528853726593124,2.017561822810149,0.7616957054366139,-0.0403544945327927,0.9235908307860324,-0.411944085518427,1.3288813551103886,0.7257592080456376,-0.4957779992959102,2.017561822810149,0.5483106805632845,0.6187984969525205,95.27027027027027,1
2015/16,Comilla Victorians,1.1887791921183053,0.4241006313551423,6.909090909090909,0.4398942719102306,6.712121212121212,9.353203398300847,1.0660616922788966,0.1400830822346904,9.353203398300847,6.712121212121212,8.090909090909092,0.7272727272727273,11,1.0,0.8333333333333334,5.5,2,6,1.1887791921183053,0.4241006313551423,6.909090909090909,0.4398942719102306,6.712121212121212,9.353203398300847,1.0660616922788966,0.1400830822346904,9.353203398300847,6.712121212121212,8.37577455224514,0.65,0.7162698412698413,1.8,1.785511820519534,1.0757121791440314,0.7016109164364545,-0.0840703159317357,-0.6079614998372068,-1.5651056170745974,0.9928393464695144,1.8600153196887448,1.5651056170745974,0.6079614998372068,-1.2212299165916147,1.2823484661148048,1.0305639565234446,1.405318858434165,1.4306119998317826,0.3087703002523594,-0.3934092568140966,1.344360812200183,-1.2212299165916147,1.2394104270241382,0.451419060983792,85.8108108108108,2
2015/16,Barisal Bulls,1.1444513531540912,0.4516433339330992,6.615384615384615,0.4456624530153942,6.0256410256410255,8.85134461498098,1.0799396681749622,0.1305465855270288,8.85134461498098,6.0256410256410255,9.0,0.6923076923076923,13,0.6666666666666666,1.0,0.3333333333333333,3,5,1.1444513531540912,0.4516433339330992,6.615384615384615,0.4456624530153942,6.0256410256410255,8.85134461498098,1.0799396681749622,0.1305465855270288,8.85134461498098,6.0256410256410255,8.967798283587758,0.5777777777777777,0.7813852813852813,0.4888888888888889,0.7317824693673025,-0.4788938678586062,0.3480663563734449,0.3841912800313253,0.7933301223663779,-0.9311309915582342,0.767384550188256,0.550656278941209,0.9311309915582342,-0.7933301223663779,0.1369578625849998,0.5302944784685273,1.6280934168500305,0.0236961124711176,0.1264443007543481,0.3661288182023852,0.2098612269987999,0.2294857160443551,0.1369578625849998,0.7273613359298916,0.2993732100857966,70.94594594594594,3
2015/16,Dhaka Dynamites,1.1041820367285802,0.4211182114449379,6.545454545454546,0.4509855598668592,6.136363636363637,8.22957042957043,1.1404408027490738,0.1185837525012083,8.22957042957043,6.136363636363637,8.818181818181818,0.3636363636363636,11,0.0,0.4,-5.5,2,5,1.1041820367285802,0.4211182114449379,6.545454545454546,0.4509855598668592,6.136363636363637,8.22957042957043,1.1404408027490738,0.1185837525012083,8.22957042957043,6.136363636363637,8.846362787539258,0.4,0.5086580086580086,-0.95,-0.2254706171784631,1.2440503447246112,0.2638890801679676,0.8163216976282353,0.5673153445916053,-0.1456728717585245,-0.2154872369041451,-1.091838240322552,0.1456728717585245,-0.5673153445916053,-0.1416326701243599,-1.320915337276153,-0.8745784502242048,-1.4925763078866332,0.5092898637730741,0.5401053888981014,0.0687184119763118,-0.5044935710518775,-0.1416326701243599,-1.2293566984623303,-0.1262282124985133,41.21621621621622,4
2015/16,Chittagong Vikings,1.0978757084134052,0.4411933335138689,4.857142857142857,0.4259749671269258,7.380952380952381,7.729396711662722,1.2508933790888983,0.1212996309067671,7.729396711662722,7.380952380952381,8.428571428571429,0.1428571428571428,7,,0.3333333333333333,,0,3,1.0978757084134052,0.4411933335138689,4.857142857142857,0.4259749671269258,7.380952380952381,7.729396711662722,1.2508933790888983,0.1212996309067671,7.729396711662722,7.380952380952381,8.645243645243646,0.5333333333333333,0.5105820105820106,0.5666666666666667,-0.3753800961644996,0.1109405464271307,-1.7683908739357244,-1.2140410560480577,-1.9732267063353408,0.486173089780735,-2.009845671010873,-0.7189486926302243,-0.486173089780735,1.9732267063353408,-0.6030289736220321,0.0674920245323575,-0.8569229167704177,0.1056567838418068,-0.1322197748686844,-1.491215964991891,-1.1656330958551595,0.2560349746414604,-0.6030289736220321,-0.227924702798751,-0.5606645895825096,10.135135135135135,5
2015/16,Sylhet Super Stars,1.0585339926252413,0.473875977224105,5.666666666666667,0.4247756580343655,6.185185185185185,7.08201338890994,1.1337953753360883,0.1213124371264492,7.08201338890994,6.185185185185185,8.777777777777779,0.3333333333333333,9,0.0,0.4285714285714285,-3.5,2,7,1.0585339926252413,0.473875977224105,5.666666666666667,0.4247756580343655,6.185185185185185,7.08201338890994,1.1337953753360883,0.1213124371264492,7.08201338890994,6.185185185185185,8.825877825877825,0.4,0.5073260073260073,-0.45,-1.3105829307566514,-1.7337816771875194,-0.7939386908142101,-1.311401104128472,0.4676573665552447,1.3039820297632434,-0.1075288793729671,-0.7171904012961474,-1.3039820297632434,-0.4676573665552447,-0.1886281250571591,-1.320915337276153,-0.8868015118460566,-0.9656862776464884,-1.5221823039720854,-1.052669897471341,0.554703505648507,-0.8296099325382119,-0.1886281250571591,-1.0578010422562325,-0.6826979659410872,3.3783783783783785,6
2016/17,Dhaka Dynamites,1.353936120413819,0.3497002513353712,7.142857142857143,0.3962312911458494,8.095238095238095,10.142307692307693,1.1769778082838276,0.1633285427091649,10.142307692307693,8.095238095238095,9.071428571428571,0.7142857142857143,14,0.0,0.75,-5.5,2,4,1.353936120413819,0.3497002513353712,7.142857142857143,0.3962312911458494,8.095238095238095,10.142307692307693,1.1769778082838276,0.1633285427091649,10.142307692307693,8.095238095238095,8.939534750963322,0.3589285714285714,0.5927705627705628,-1.5089285714285714,1.841087525937462,1.6800727133386442,1.2399575570243702,0.3005293207551369,-2.0996585878631437,-1.5751859361065346,0.8454554868769454,1.8021636696690169,1.5751859361065346,2.0996585878631437,0.8543816263480506,-1.308562747027574,1.80203594268953,-1.448835671753058,1.760580119638053,0.7702434388897536,-0.9431296790309108,1.8256693978795648,0.8543816263480506,-0.318454158697034,0.6582151241712461,96.62162162162163,1
2016/17,Khulna Titans,1.1096437292865864,0.4226673789173789,6.769230769230769,0.4216785455242897,6.448717948717948,7.359343434343434,1.1334122317984132,0.1207573841502413,7.359343434343434,6.448717948717948,9.461538461538462,0.5384615384615384,13,0.75,0.5,1.75,4,4,1.1096437292865864,0.4226673789173789,6.769230769230769,0.4216785455242897,6.448717948717948,7.359343434343434,1.1334122317984132,0.1207573841502413,7.359343434343434,6.448717948717948,9.199510264171918,0.5871428571428572,0.4927705627705627,0.592857142857143,-1.5392453213855573,-1.3680970809206652,0.6924792271885298,1.2220198119930228,0.2870349869468943,1.6881800746753006,1.5888756444211387,-1.302380480835905,-1.6881800746753006,-0.2870349869468943,1.5943503297748651,1.172385436664119,0.1754474289920289,0.8292716838731619,-1.4536712011531112,0.9572495195907764,1.188030235347778,-1.0925318474860333,1.5943503297748651,0.72570151650977,0.3198547587640075,72.2972972972973,2
2016/17,Rajshahi Kings,1.2402577143232232,0.3814838469365979,6.2,0.3924543276430068,6.833333333333333,9.217184254687496,1.2240902964959568,0.1431983622950859,9.217184254687496,6.833333333333333,9.066666666666666,0.5333333333333333,15,0.6,0.4545454545454545,1.0,5,11,1.2402577143232232,0.3814838469365979,6.2,0.3924543276430068,6.833333333333333,9.217184254687496,1.2240902964959568,0.1431983622950859,9.217184254687496,6.833333333333333,8.942414048536497,0.5337662337662337,0.4663356251591545,0.3571428571428571,0.2680919513874966,0.3523269286943624,-0.14162011062019,0.1637587323897884,-0.27047964120673,-0.4903655423599709,0.0415094305063586,0.3341502077699989,0.4903655423599709,0.27047964120673,0.8625769754626913,0.5921209873841143,-0.2545402297982368,0.5737830084758287,0.3102094400409295,0.0110693108847992,-0.2397785843534474,0.3649984637788999,0.8625769754626913,0.3037879220205687,0.2688105879724068,64.1891891891892,3
2016/17,Chittagong Vikings,1.2571527853599742,0.374686137211707,6.153846153846154,0.3906113368360663,6.474358974358975,9.468339352954738,1.2377788878171765,0.148463869317902,9.468339352954738,6.474358974358975,8.307692307692308,0.4615384615384615,13,0.0,0.6,-2.5,2,5,1.2571527853599742,0.374686137211707,6.153846153846154,0.3906113368360663,6.474358974358975,9.468339352954738,1.2377788878171765,0.148463869317902,9.468339352954738,6.474358974358975,8.410036579961393,0.3589285714285714,0.5388823297914207,-0.7589285714285714,0.5018731318813283,0.6362982749730991,-0.2092497866587346,0.0970207464845814,0.2498673450699849,-0.7848756169232124,-0.1920780837088209,0.7181425533036554,0.7848756169232124,-0.2498673450699849,-0.6527298328330662,-1.308562747027574,0.925496134816256,-0.63591715912518,0.5690857034272137,-0.0561145200870766,-0.2423621185206828,0.4177169417189609,-0.6527298328330662,-0.3396612571121659,-0.0506775139011361,45.27027027027027,4
2016/17,Comilla Victorians,1.215575871496924,0.3796024151287309,5.727272727272728,0.3537071568885383,6.7727272727272725,8.330165289256199,1.2912919827540303,0.1346747550694919,8.330165289256199,6.7727272727272725,8.181818181818182,0.3636363636363636,11,1.0,0.3333333333333333,8.0,1,6,1.215575871496924,0.3796024151287309,5.727272727272728,0.3537071568885383,6.7727272727272725,8.330165289256199,1.2912919827540303,0.1346747550694919,8.330165289256199,6.7727272727272725,8.34062911878038,0.5530612244897959,0.4106421356421356,0.9897959183673468,-0.0734366719692148,0.4309229183782583,-0.83431194398468,-1.23934546429966,-0.182628851315856,0.5497726967221274,-1.105246614416831,-0.287442341016127,-0.5497726967221274,0.182628851315856,-0.8502843964317244,0.8018794257752181,-1.1604441331593884,1.2595101891959433,0.1787431232045217,-1.03682870414217,-0.2460342563368532,-0.2181953954741327,-0.8502843964317244,0.3003151606039243,-0.3120474114294057,26.351351351351347,5
2016/17,Rangpur Riders,1.151942923976235,0.4157731005230682,7.0,0.4179624636192433,6.222222222222222,8.195384615384615,1.20536669662729,0.1227786159493417,8.195384615384615,6.222222222222222,8.0,0.5,12,0.0,0.4444444444444444,-8.0,1,9,1.151942923976235,0.4157731005230682,7.0,0.4179624636192433,6.222222222222222,8.195384615384615,1.20536669662729,0.1227786159493417,8.195384615384615,6.222222222222222,8.210594167737025,0.4102040816326531,0.4618470418470418,-1.2959183673469388,-0.953941143204006,-1.0800916207751536,1.0306276073812544,1.0874538549260555,0.6153491568595827,0.707819523505501,0.3610163138553924,-1.154980138183109,-0.707819523505501,-0.6153491568595827,-1.2204030777496642,-0.7511397815435247,-0.327551010380805,-1.2179557540509225,-1.01701638198958,1.059040731153655,0.561394998073492,-0.8260496061827309,-1.2204030777496642,-0.7655488486584173,-0.3680970308922076,25.0,6
2016/17,Barisal Bulls,1.217672185203965,0.4055118442300645,5.083333333333333,0.3428794237749546,5.680555555555556,8.880315055315055,1.3167417916198545,0.137112690502521,8.880315055315055,5.680555555555556,8.333333333333334,0.3333333333333333,12,1.0,0.3333333333333333,4.0,1,6,1.217672185203965,0.4055118442300645,5.083333333333333,0.3428794237749546,5.680555555555556,8.880315055315055,1.3167417916198545,0.137112690502521,8.880315055315055,5.680555555555556,8.432816389959246,0.5530612244897959,0.4106421356421356,0.4183673469387755,-0.0444294726475088,-0.6514321336885359,-1.7778825503305409,-1.6314370022489315,1.4005155915092686,-0.0953451995132141,-1.539532177534187,-0.109653470707529,0.0953451995132141,-1.4005155915092686,-0.5878916245711371,0.8018794257752181,-1.1604441331593884,0.6401437033842268,-0.3479308031680224,-1.704659776289736,-0.0781205951793775,-0.4716079542345279,-0.5878916245711371,0.0938596653333521,-0.5160585146849082,12.837837837837837,7
2017/18,Dhaka Dynamites,1.4648511938390325,0.3811781775386724,6.923076923076923,0.4200760951319861,8.64102564102564,8.557057185692868,1.1957242651552422,0.1845808858983513,8.557057185692868,8.64102564102564,9.538461538461538,0.6153846153846154,13,0.0,0.5,-3.0,1,6,1.4648511938390325,0.3811781775386724,6.923076923076923,0.4200760951319861,8.64102564102564,8.557057185692868,1.1957242651552422,0.1845808858983513,8.557057185692868,8.64102564102564,9.302633456768795,0.25,0.463265306122449,-1.7500000000000002,2.088677684491783,-0.4459311338145943,1.1261103366236438,1.8973305370325309,-1.5027948166723932,0.9162680849577628,1.5328712185744338,2.289241152277622,-0.9162680849577628,1.5027948166723932,2.213630127976326,-0.7111926567830563,0.2672085681846586,-0.5047774684499662,0.8213732753385943,1.5117204368280874,0.315448162286601,0.9585892946640842,2.213630127976326,-0.3162538523494546,0.9174179074573732,99.32432432432432,1
2017/18,Khulna Titans,1.345617223590966,0.36265960023803,5.833333333333333,0.3700109078765175,7.569444444444445,10.476394511920828,1.3659181220713223,0.1619552186421848,10.476394511920828,7.569444444444445,8.75,0.5833333333333334,12,1.0,0.6,5.5,2,5,1.345617223590966,0.36265960023803,5.833333333333333,0.3700109078765175,7.569444444444445,10.476394511920828,1.3659181220713223,0.1619552186421848,10.476394511920828,7.569444444444445,8.763890871033729,0.46875,0.5053803339517625,0.21875,0.3138808766838016,1.019708167610822,-0.5433146685507565,-0.2372283699506597,0.4623565744854481,-0.76507145957792,-0.3809614581225028,0.4087358699230718,0.76507145957792,-0.4623565744854481,-0.1253812325057403,1.5322691575325935,0.8427100697671563,1.86891204882186,0.6667945221473117,-0.3902715192507081,-0.2278921144049916,0.2371502516718479,-0.1253812325057403,1.4146304253738702,0.262505055505265,62.83783783783784,2
2017/18,Rangpur Riders,1.3262975717661922,0.3806553397622262,6.666666666666667,0.3620797720797721,7.266666666666667,11.080664283242994,1.270091168091168,0.1544180890272883,11.080664283242994,7.266666666666667,8.666666666666666,0.6,15,0.75,0.5,1.25,4,8,1.3262975717661922,0.3806553397622262,6.666666666666667,0.3620797720797721,7.266666666666667,11.080664283242994,1.270091168091168,0.1544180890272883,11.080664283242994,7.266666666666667,8.702382651362242,0.4750000000000001,0.4685131195335277,-0.425,0.0263079952706189,-0.4045515191180148,0.7333044530531969,-0.5753770414227108,1.0176147043499897,-1.2944117939777011,0.6966141909562007,-0.2177036464956434,1.2944117939777011,-1.0176147043499897,-0.3924260668737847,1.5963680665130418,0.3389198943730378,1.0927532542853582,-0.1891217619236979,0.078963705815243,0.139939033776163,0.019697814377356,-0.3924260668737847,1.0093470717238129,0.1110666328158486,58.78378378378378,3
2017/18,Comilla Victorians,1.2461952952080169,0.393817955667106,7.142857142857143,0.4003567358140607,7.357142857142857,10.745949489107383,1.2461067683346017,0.1498819879150044,10.745949489107383,7.357142857142857,8.571428571428571,0.6428571428571429,14,,0.6,,0,10,1.2461952952080169,0.393817955667106,7.142857142857143,0.4003567358140607,7.357142857142857,10.745949489107383,1.2461067683346017,0.1498819879150044,10.745949489107383,7.357142857142857,8.637501783930354,0.2916666666666667,0.5349489795918367,-1.5416666666666667,-1.1660138274266094,-1.4462971600798615,1.4628010939697411,1.0565839748096575,0.8516922225556062,-1.001201626160394,0.96631915455963,-0.5947162670016414,1.001201626160394,-0.8516922225556062,-0.6741136297644353,-0.283866596913409,1.2467653641050886,-0.2535933925481854,-1.3061554937532356,1.2596925343896994,0.2722699169849473,-0.1484022877989511,-0.6741136297644353,0.2364351248811647,-0.0600456391768017,43.91891891891892,4
2017/18,Sylhet Sixers,1.266520469305177,0.3778031995473471,5.636363636363637,0.3661587114966339,7.5,9.519435736677115,1.43072292746886,0.1489958600149492,9.519435736677115,7.5,8.818181818181818,0.3636363636363636,11,0.0,0.5,-7.0,1,6,1.266520469305177,0.3778031995473471,5.636363636363637,0.3661587114966339,7.5,9.519435736677115,1.43072292746886,0.1489958600149492,9.519435736677115,7.5,8.80882562815336,0.25,0.463265306122449,-2.321428571428572,-0.8634737540672196,-0.1788209608662374,-0.8450610063844171,-0.401469043857872,0.5897093565644729,0.0732244508495473,-1.1096925440978829,-0.6683657279447905,-0.0732244508495473,-0.5897093565644729,0.0697080553401697,-0.7111926567830563,0.2672085681846586,-1.1937395052091355,-0.5211473574667285,-0.6232650251211446,-0.1489195788946209,-0.4437665117862702,0.0697080553401697,-0.5459078646025111,-0.3688830470885175,23.64864864864865,5
2017/18,Chittagong Vikings,1.3393504005572971,0.3524642981539533,5.363636363636363,0.3629809551064649,8.666666666666668,9.118461538461538,1.3680411216765975,0.1502351097178683,9.118461538461538,8.666666666666668,8.363636363636363,0.2727272727272727,11,0.0,0.0,-4.0,1,2,1.3393504005572971,0.3524642981539533,5.363636363636363,0.3629809551064649,8.666666666666668,9.118461538461538,1.3680411216765975,0.1502351097178683,9.118461538461538,8.666666666666668,8.514707981094535,0.25,0.3198979591836735,-1.892857142857143,0.2205992599422554,1.8266079192353155,-1.2628636280002572,-0.5369545694037101,-1.5498173823631125,0.4244778582551545,-0.404834623058143,-0.5653669705551869,-0.4244778582551545,1.5498173823631125,-1.2072366971341597,-0.7111926567830563,-1.6919050236562017,-0.6770179776397585,1.0236035895887854,-0.8999090987019837,-0.510058049055367,0.1866575178509237,-1.2072366971341597,-1.0267052193596722,-0.4056079928019122,19.594594594594593,6
2017/18,Rajshahi Kings,1.282878926431558,0.380227814109393,5.75,0.347361823683121,7.75,7.723214285714286,1.4476747389620046,0.1491948801159327,7.723214285714286,7.75,8.833333333333334,0.3333333333333333,12,0.0,0.2857142857142857,-2.0,1,7,1.282878926431558,0.380227814109393,5.75,0.347361823683121,7.75,7.723214285714286,1.4476747389620046,0.1491948801159327,7.723214285714286,7.75,8.819446426589284,0.25,0.3507064364207221,-1.6071428571428572,-0.6199782348946066,-0.3707153129674427,-0.6709765807111513,-1.2028854872072403,0.1312393410799907,1.6467144856535565,-1.3003159388117354,-0.651824410203441,-1.6467144856535565,-0.1312393410799907,0.1158194429616314,-0.7111926567830563,-1.2709074409583985,-0.3325369592601736,-0.4953467739310246,-0.936931033959196,0.1592126293072705,-0.809926078978996,0.1158194429616314,-0.7715456856672095,-0.4564529167112539,15.54054054054054,7
2018/19,Dhaka Dynamites,1.385308731732393,0.3905232430050672,7.533333333333333,0.3900369902613173,8.444444444444445,9.414285714285716,1.2629386681779502,0.1775888962326503,9.414285714285716,8.444444444444445,11.6,0.5333333333333333,15,0.25,0.4444444444444444,-3.0,4,9,1.385308731732393,0.3905232430050672,7.533333333333333,0.3900369902613173,8.444444444444445,9.414285714285716,1.2629386681779502,0.1775888962326503,9.414285714285716,8.444444444444445,11.135735692878551,0.4499999999999999,0.435328798185941,-0.5928571428571431,1.1009620466863546,0.0048861521975956,1.4605339919893523,-0.0141658382927349,-0.8693396239938568,-0.0653356510792034,0.8925508418132225,1.1598910581609938,0.0653356510792034,0.8693396239938568,1.7200075308490754,-1.130215118150257,-0.0798630131318636,-1.2421069581300948,0.5529240994419751,0.7231840768483087,-0.0140414777532792,0.6981887777446847,1.7200075308490754,-0.8173950298040719,0.477144662887782,89.86486486486487,1
2018/19,Comilla Victorians,1.2587839333258162,0.4243383644958585,6.857142857142857,0.4498525508801015,6.238095238095239,8.611528975771854,1.2357243720844568,0.1514873882163843,8.611528975771854,6.238095238095239,10.0,0.7142857142857143,14,1.0,0.8571428571428571,4.333333333333333,3,7,1.2587839333258162,0.4243383644958585,6.857142857142857,0.4498525508801015,6.238095238095239,8.611528975771854,1.2357243720844568,0.1514873882163843,8.611528975771854,6.238095238095239,9.992522477522478,0.7222222222222222,0.6561486132914705,2.119047619047618,-0.9761344807650648,-1.7688786897221616,0.4699117243806678,2.221406769161751,1.6644310747127746,0.8276768522050089,1.2694772876701932,-0.6779295302685233,-0.8276768522050089,-1.6644310747127746,0.0200102294915343,1.5773393829011446,1.504263659401852,1.22069772449301,-1.3725065852436131,1.3456592467712094,1.2538617381959922,-1.0566791523954355,0.0200102294915343,1.434100255598669,0.2707409554030593,65.54054054054053,2
2018/19,Rajshahi Kings,1.2189838764113523,0.3951593229017393,6.727272727272728,0.3981129810097453,6.7727272727272725,9.33479169506156,1.300669111320113,0.1438358562583634,9.33479169506156,6.7727272727272725,10.363636363636363,0.4545454545454545,11,1.0,0.4,7.0,1,5,1.2189838764113523,0.3951593229017393,6.727272727272728,0.3981129810097453,6.7727272727272725,9.33479169506156,1.300669111320113,0.1438358562583634,9.33479169506156,6.7727272727272725,10.226497032379385,0.6428571428571428,0.4118119975262832,1.8673469387755104,-1.629512799090873,-0.2382984102854118,0.2796513656850188,0.2876697293834739,1.0504598229987097,0.023096061415551,0.3699724960303174,-1.2166778262180815,-0.023096061415551,-1.0504598229987097,0.3679384256497512,0.7879648927986947,-0.2485688476142402,0.9921168308342748,-0.9339056046881424,0.2836605475342464,0.4811761268148594,-0.7634112368774474,0.3679384256497512,0.5105042920062431,-0.0090062415934149,52.02702702702703,3
2018/19,Rangpur Riders,1.3957081506788156,0.3855513191871526,6.538461538461538,0.3828703770563277,8.051282051282051,10.08436311163584,1.2964679965411017,0.1795261218801327,10.08436311163584,8.051282051282051,8.384615384615385,0.6153846153846154,13,0.3333333333333333,0.75,1.0,3,8,1.3957081506788156,0.3855513191871526,6.538461538461538,0.3828703770563277,8.051282051282051,10.08436311163584,1.2964679965411017,0.1795261218801327,10.08436311163584,8.051282051282051,8.886865765813134,0.5,0.6092808551992226,1.007936507936508,1.2716842865409832,0.2656873345124996,0.0030420749659579,-0.2820139367399656,-0.4178320617450818,-0.810751373293628,0.4281592393820445,1.2962921112019934,0.810751373293628,0.4178320617450818,-1.6241392615098431,-0.6329091893857136,1.168041723701442,0.2116469326661603,0.7686858105267415,-0.1394859308870038,-0.2668080652188884,0.8416251820802344,-1.6241392615098431,0.2489264889939628,-0.0285326293357994,47.97297297297297,4
2018/19,Sylhet Sixers,1.3504759675405742,0.3973626716604244,6.833333333333333,0.3677463281081556,7.319444444444444,10.8,1.3436511139412914,0.168149188514357,10.8,7.319444444444444,9.25,0.4166666666666667,12,1.0,0.0,5.0,1,2,1.3504759675405742,0.3973626716604244,6.833333333333333,0.3677463281081556,7.319444444444444,10.8,1.3436511139412914,0.168149188514357,10.8,7.319444444444444,9.49169164169164,0.6428571428571428,0.3162414965986395,1.5816326530612246,0.5291293747079525,-0.3538745901228136,0.4350306586197988,-0.8472666768725464,0.4226100038538605,-1.6068489436531297,-0.2253415781664902,0.4952363882995747,1.6068489436531297,-0.4226100038538605,-0.7247424184944989,0.7879648927986947,-0.934176611367402,0.7326466272216565,0.0876273922925694,-0.2061180091263738,-0.4698601726552531,0.5598251093662813,-0.7247424184944989,0.1954783028843164,-0.0929649659554931,42.567567567567565,5
2018/19,Chittagong Vikings,1.3302705135797392,0.3868291268210218,6.083333333333333,0.3626388888888889,8.152777777777777,9.460151888341544,1.3906944444444445,0.1647519730431607,9.460151888341544,8.152777777777777,9.5,0.5,12,0.5,0.5,-0.75,4,8,1.3302705135797392,0.3868291268210218,6.083333333333333,0.3626388888888889,8.152777777777777,9.460151888341544,1.3906944444444445,0.1647519730431607,9.460151888341544,8.152777777777777,9.658358308358308,0.5499999999999999,0.4664237123420797,0.307142857142857,0.1974261925162143,0.1986602130422665,-0.6637229128475796,-1.0381543170570278,-0.5343897204777809,-0.1163586633375533,-0.8769063038133088,0.256036701737209,0.1163586633375533,0.5343897204777809,-0.4769033629677132,-0.1356032606211711,0.1432070173875667,-0.424775816750346,0.1980432027792404,-0.8509386149523037,-0.5092182292095476,0.302261695184181,-0.4769033629677132,-0.1390573533279834,-0.2459687770823544,34.45945945945946,6
2018/19,Khulna Titans,1.2881799285123958,0.3545507015243964,5.181818181818182,0.3816539895336988,8.833333333333334,7.783752860411899,1.4615235924491712,0.1424699938096057,7.783752860411899,8.833333333333334,10.727272727272728,0.1818181818181818,11,0.0,0.0,-6.5,2,5,1.2881799285123958,0.3545507015243964,5.181818181818182,0.3816539895336988,8.833333333333334,7.783752860411899,1.4615235924491712,0.1424699938096057,7.783752860411899,8.833333333333334,10.461791150026444,0.4374999999999999,0.2299938157081014,-0.8660714285714286,-0.4935546205955408,1.8918179903780423,-1.984446902793216,-0.3274757295829585,-1.3159394953486234,1.7485217177429535,-1.8579119829159936,-1.3128489029131702,-1.7485217177429535,1.3159394953486234,0.7178288569816866,-1.254541600341393,-1.5529039283773538,-1.490225340334661,0.6991316848912509,-1.1559613161880873,-0.4751099201738879,-0.5818103751025002,0.7178288569816866,-1.4325569563511358,-0.3714130043237789,22.2972972972973,7
2019/20,Khulna Tigers,1.493789211680756,0.3236716011022396,6.071428571428571,0.3787730957455728,8.5,10.11031076677495,1.341220913812657,0.1889422196310326,10.11031076677495,8.5,9.071428571428571,0.6428571428571429,14,,0.625,,0,8,1.493789211680756,0.3236716011022396,6.071428571428571,0.3787730957455728,8.5,10.11031076677495,1.341220913812657,0.1889422196310326,10.11031076677495,8.5,9.190572284857998,0.6666666666666666,0.573469387755102,0.5,1.7371901864019557,1.6301986516998055,0.2328909417453646,0.8507956360199636,-1.6190798052520623,-0.0891159473362381,0.8690140364157218,1.5490993907046509,0.0891159473362381,1.6190798052520623,-0.4100890548447571,0.1519109050625502,0.3466076617736454,0.1492555785314985,1.683694419050881,0.5418432888826641,-0.2797272387241928,1.085765047764317,-0.4100890548447571,0.2159247151225647,0.472901862875246,88.51351351351352,1
2019/20,Dhaka Platoon,1.3811167502343973,0.3524426818544465,5.6923076923076925,0.3867904449629673,6.846153846153846,11.042061386888976,1.3378104533095545,0.1603133353133353,11.042061386888976,6.846153846153846,10.538461538461538,0.5384615384615384,13,,0.5,,0,4,1.3811167502343973,0.3524426818544465,5.6923076923076925,0.3867904449629673,6.846153846153846,11.042061386888976,1.3378104533095545,0.1603133353133353,11.042061386888976,6.846153846153846,10.20060240511368,0.6666666666666666,0.5028571428571429,0.5,0.0958504872057644,0.4324141431876139,-0.208951239878832,1.246228958292664,1.6638781033300811,-0.6521542418194621,0.9388724305928684,-0.5805774319434363,0.6521542418194621,-1.6638781033300811,1.0513627969836148,0.1519109050625502,-0.2033625889109221,0.1492555785314985,0.2641323151966891,0.518638859206916,0.6501987640344958,-0.5307670978180185,1.0513627969836148,0.0326012982277088,0.3310278226385676,75.0,2
2019/20,Rajshahi Royals,1.3886565156691653,0.3705066167657067,6.533333333333333,0.3730343793766429,8.011111111111111,12.874035768153416,1.3302540977281272,0.1782494130209123,12.874035768153416,8.011111111111111,9.466666666666669,0.6666666666666666,15,1.0,0.7,1.0,1,10,1.3886565156691653,0.3705066167657067,6.533333333333333,0.3730343793766429,8.011111111111111,12.874035768153416,1.3302540977281272,0.1782494130209123,12.874035768153416,8.011111111111111,9.46721169986476,0.7142857142857142,0.6267857142857143,0.5714285714285714,0.2056849238715823,-0.319615354272966,0.7712126722073094,0.5677495047097272,-0.648613694808142,-1.759179779444392,1.0936535419031388,0.7536711737358676,1.759179779444392,0.648613694808142,-0.009808729295648,0.8608284620211161,0.7618669912283951,0.4975185951049946,-0.0569652152006918,0.6694810884585183,-0.438046644116465,1.0538215493294671,-0.009808729295648,0.7067380161181686,0.3208700108822248,73.64864864864865,3
2019/20,Rangpur Rangers,1.2660235485840323,0.4012068464689433,6.583333333333333,0.353763780025755,7.388888888888888,8.396694214876034,1.384894709809964,0.1532479617157036,8.396694214876034,7.388888888888888,11.333333333333334,0.4166666666666667,12,,0.3333333333333333,,0,6,1.2660235485840323,0.4012068464689433,6.583333333333333,0.353763780025755,7.388888888888888,8.396694214876034,1.384894709809964,0.1532479617157036,8.396694214876034,7.388888888888888,10.711746983175557,0.6666666666666666,0.419047619047619,0.5,-1.58075299292919,-1.597713311836899,0.8294846121026743,-0.3827189003554829,0.5865249912113937,0.946388317379266,-0.0255810639282133,-1.1061641864689828,-0.946388317379266,-0.5865249912113937,1.7909577607174243,0.1519109050625502,-0.8561211138082134,0.1492555785314985,-1.5892331523830443,0.2233828558735957,0.5024440815541489,-0.8796924983532142,1.7909577607174243,-0.1849848767380549,-0.0228543048881907,49.32432432432432,4
2019/20,Chattogram Challengers,1.4006120471406962,0.3794684896022306,6.857142857142857,0.3474339392614795,8.059523809523808,10.074153728477038,1.3865018715821296,0.176217897165546,10.074153728477038,8.059523809523808,9.142857142857142,0.6428571428571429,14,0.0,1.0,-1.5,2,7,1.4006120471406962,0.3794684896022306,6.857142857142857,0.3474339392614795,8.059523809523808,10.074153728477038,1.3865018715821296,0.176217897165546,10.074153728477038,8.059523809523808,9.240572284858,0.5,0.7714285714285714,0.0,0.3798453902119346,-0.692711955797787,1.148592854386817,-0.6949205888442441,-0.7447150466540475,-0.0672669710786967,-0.0585014688073325,0.6025485458330714,0.0672669710786967,0.7447150466540475,-0.3377421108022154,-2.329300544292433,1.8884317749644857,-2.288585537482975,-0.1564332827929262,0.2268361327712862,-0.2901611621800256,0.4715101878552719,-0.3377421108022154,-0.9098181022703072,-0.165968056236486,37.16216216216216,5
2019/20,Cumilla Warriors,1.3927579371121277,0.3404037020570818,5.090909090909091,0.3227123389712724,7.484848484848484,9.933506493506494,1.4676299236772024,0.1710373311733263,9.933506493506494,7.484848484848484,8.0,0.3636363636363636,11,1.0,0.375,2.0,1,8,1.3927579371121277,0.3404037020570818,5.090909090909091,0.3227123389712724,7.484848484848484,9.933506493506494,1.4676299236772024,0.1710373311733263,9.933506493506494,7.484848484848484,8.518320335127058,0.7142857142857142,0.4306122448979592,0.7142857142857143,0.2654317843825983,0.933615457930322,-0.9098445029559517,-1.9142443665144024,0.3960409406077316,0.0177233445616677,-1.7202933109722498,0.2171709251268018,-0.0177233445616677,-0.3960409406077316,-1.3827965386382222,0.8608284620211161,-0.7660489147558273,1.1940446282519872,0.5995236211564601,-1.412044434735177,-0.4355096752676168,-0.0655311200141991,-1.3827965386382222,0.4296080585057586,-0.3777916814988328,20.945945945945947,6
2019/20,Sylhet Thunder,1.298802541544477,0.3721056993497386,4.2727272727272725,0.3681554458453023,7.5,7.309090909090909,1.4372089933794632,0.1488174168047941,7.309090909090909,7.5,8.727272727272727,0.0909090909090909,11,,0.0,,0,2,1.298802541544477,0.3721056993497386,4.2727272727272725,0.3681554458453023,7.5,7.309090909090909,1.4372089933794632,0.1488174168047941,7.309090909090909,7.5,8.988908570421174,0.6666666666666666,0.3785714285714285,0.5,-1.1032497791446552,-0.3861876309100961,-1.8633853376073812,0.3271097566917829,0.3659645115650472,1.603605277737858,-1.097164165203929,-1.4357484169879746,-1.603605277737858,-0.3659645115650472,-0.701884124120194,0.1519109050625502,-1.171373810491564,0.1492555785314985,-0.7447187050273757,-0.7681377904577993,0.2908018746996587,-1.1351060687636263,-0.701884124120194,-0.2900691089658384,-0.5581856537725292,11.486486486486488,7
2021/22,Comilla Victorians,1.3595127571230512,0.3588007172565996,7.583333333333333,0.3957873614576513,8.277777777777777,9.549691270067443,1.240592373608678,0.1693937802393684,9.549691270067443,8.277777777777777,10.5,0.6666666666666666,12,0.6666666666666666,0.5714285714285714,-2.6666666666666665,3,7,1.3595127571230512,0.3588007172565996,7.583333333333333,0.3957873614576513,8.277777777777777,9.549691270067443,1.240592373608678,0.1693937802393684,9.549691270067443,8.277777777777777,10.283670033670036,0.4814814814814814,0.5153235653235653,-1.2407407407407407,0.8698518232300958,1.138423431015987,1.0739354981441191,0.8459998981335473,-1.302455204518404,0.2189883085745695,0.8379419407112116,0.6547374464986891,-0.2189883085745695,1.302455204518404,0.6671942914705813,0.7530870978155674,1.1275459237619443,-0.6988593785250519,1.0041376271230416,0.9599676981388332,-0.0818416517442075,0.5794014474808412,0.6671942914705813,0.3939245476841533,0.5871306600255405,93.91891891891892,1
2021/22,Fortune Barishal,1.239760305476648,0.3944133255897085,7.909090909090909,0.4134624890423284,6.833333333333334,8.598548329141215,1.1821105151167597,0.1460739461091643,8.598548329141215,6.833333333333334,11.272727272727272,0.7272727272727273,11,0.6666666666666666,0.5,5.0,3,4,1.239760305476648,0.3944133255897085,7.909090909090909,0.4134624890423284,6.833333333333334,8.598548329141215,1.1821105151167597,0.1460739461091643,8.598548329141215,6.833333333333334,10.770944741532976,0.4814814814814814,0.4699206349206349,1.3148148148148149,-1.6308501346423807,-1.0343949846276923,1.390593050739757,1.6044423031823265,1.2773983517958505,2.0714459182296583,1.4331142210214796,-1.6707510333417532,-2.0714459182296583,-1.2773983517958505,1.4572970201506632,0.7530870978155674,0.2767491458094499,1.498964255729533,-1.3326225596350365,1.4975176769610417,1.5939861636823294,-1.6731984344557542,1.4572970201506632,0.84293349978485,0.3976522277480156,80.4054054054054,2
2021/22,Chattogram Challengers,1.3534336460368148,0.372560407593262,5.833333333333333,0.3466904900055094,8.166666666666666,9.97595238095238,1.4118758241595362,0.1721232027022987,9.97595238095238,8.166666666666666,10.0,0.5,12,1.0,0.3333333333333333,5.0,2,3,1.3534336460368148,0.372560407593262,5.833333333333333,0.3466904900055094,8.166666666666666,9.97595238095238,1.4118758241595362,0.1721232027022987,9.97595238095238,8.166666666666666,9.9503367003367,0.5416666666666666,0.4110229276895943,0.8541666666666667,0.7429062385136915,0.2989087210176487,-0.6271783309161665,-1.260754301299488,-1.1040049309557696,-0.6112030376282225,-0.9052167835939116,0.9269195065735116,0.6112030376282225,1.1040049309557696,0.1267033282072618,1.3915739850939832,-0.8269236589248559,1.102798582526035,0.5209074797656701,-0.9439663161078272,-0.8734749173926346,0.8807091583858345,0.1267033282072618,0.5558163028983873,0.0444491726261153,54.729729729729726,3
2021/22,Khulna Tigers,1.3631754929843936,0.3555537128077503,6.545454545454546,0.3572997290574343,7.772727272727272,10.15070267896355,1.374620865351717,0.1637618079733091,10.15070267896355,7.772727272727272,10.0,0.4545454545454545,11,0.0,0.4444444444444444,-6.5,2,9,1.3631754929843936,0.3555537128077503,6.545454545454546,0.3572997290574343,7.772727272727272,10.15070267896355,1.374620865351717,0.1637618079733091,10.15070267896355,7.772727272727272,9.94741532976827,0.2916666666666666,0.4466137566137566,-2.020833333333333,0.9463380296809988,1.3365316683050132,0.0650498073161582,-0.8055102447159875,-0.4004085065064272,-0.9515488525538384,-0.526071534822806,0.0931088109614287,0.9515488525538384,0.4004085065064272,0.1219664050295224,-1.2606023159086677,-0.1599939628763974,-1.3697530060103733,1.141434848993006,-0.3702302186999147,-0.6260096312943572,0.4816887233405647,0.1219664050295224,-0.930116428265146,-0.0302110501493874,46.62162162162162,4
2021/22,Minister Group Dhaka,1.2671922792105348,0.3859723966214838,6.111111111111111,0.3819899738805162,6.981481481481482,9.72455590386625,1.2710915756606358,0.1530030211318244,9.72455590386625,6.981481481481482,9.22222222222222,0.4444444444444444,9,0.0,0.6,-3.0,1,5,1.2671922792105348,0.3859723966214838,6.111111111111111,0.3819899738805162,6.981481481481482,9.72455590386625,1.2710915756606358,0.1530030211318244,9.72455590386625,6.981481481481482,9.473737373737372,0.3333333333333333,0.5181096681096681,-0.8809523809523809,-1.0580084977363395,-0.5193918223839542,-0.3571602628113593,0.2539519048582758,1.0127979870456707,-0.1215801881276208,0.5275503064334498,-0.979773385251378,0.1215801881276208,-1.0127979870456707,-0.6460895591656963,-0.8185729324082257,1.179754167864791,-0.38943493312275,-0.7887001600601469,-0.0516041789765417,0.4729227017838331,-0.623663728056476,-0.6460895591656963,-0.0094178992220615,-0.2744254706161815,27.7027027027027,5
2021/22,Sylhet Sunrisers,1.3240717059770768,0.3974566638249503,4.888888888888889,0.3612004536675922,7.259259259259259,9.973333333333333,1.4572820831512023,0.1726129582267689,9.973333333333333,7.259259259259259,8.11111111111111,0.1111111111111111,9,0.0,0.25,-1.0,1,4,1.3240717059770768,0.3974566638249503,4.888888888888889,0.3612004536675922,7.259259259259259,9.973333333333333,1.4572820831512023,0.1726129582267689,9.973333333333333,7.259259259259259,8.807070707070707,0.3333333333333333,0.3699206349206348,-0.5952380952380951,0.1297625409539389,-1.2200770133270094,-1.5452397624725105,-0.638129560158672,0.5166723031390844,-0.6061021484945356,-1.367318149749419,0.9757586545594992,0.6061021484945356,-0.5166723031390844,-1.7270714856923324,-0.8185729324082257,-1.597131615634933,-0.1437155205973926,-0.5451572361865352,-1.091684661315591,-0.4855826650349566,0.3550628333049834,-1.7270714856923324,-0.8531400228801839,-0.7245955396341026,0.6756756756756757,6
2022/23,Sylhet Strikers,1.3607395826650663,0.3703961845583644,6.466666666666667,0.3976951808613133,6.744444444444444,9.55746336996337,1.2655359219284257,0.1697528291808131,9.55746336996337,6.744444444444444,9.0,0.6666666666666666,15,1.0,1.0,2.0,1,6,1.3607395826650663,0.3703961845583644,6.466666666666667,0.3976951808613133,6.744444444444444,9.55746336996337,1.2655359219284257,0.1697528291808131,9.55746336996337,6.744444444444444,8.984189280107648,0.5714285714285714,0.8113378684807255,0.2244897959183673,0.4783175647132433,0.7532016474342457,0.7467682178982242,0.6606915351311565,0.3727758175682464,-0.0592672836859439,1.0029232190897923,0.3559571822980792,0.0592672836859439,-0.3727758175682464,0.112617083767798,1.0801234497346432,1.6244022857125475,0.6655329445632464,0.6157596060737445,0.7037298765146904,0.4388105843240317,0.0141495494719255,0.112617083767798,1.1233528933368124,0.5014032655815005,91.21621621621621,1
2022/23,Comilla Victorians,1.3793962052746196,0.371646019847483,6.857142857142857,0.3865091881667725,7.952380952380953,10.528744113029829,1.277134292394212,0.1704546765819607,10.528744113029829,7.952380952380953,8.857142857142858,0.7857142857142857,14,1.0,0.7777777777777778,4.0,1,9,1.3793962052746196,0.371646019847483,6.857142857142857,0.3865091881667725,7.952380952380953,10.528744113029829,1.277134292394212,0.1704546765819607,10.528744113029829,7.952380952380953,8.88339874411303,0.5714285714285714,0.7157369614512472,0.5102040816326531,0.6566987873681048,0.7055128695285672,1.4047425291458977,-0.1702557345882581,-1.2058396133874572,-0.973009235049076,0.7798602701588291,0.3897736161421028,0.973009235049076,1.2058396133874572,-0.1947301937420797,1.0801234497346432,0.7951859760209652,1.327687549306375,0.681105828448336,0.6172433972788198,-0.4663295260925679,0.8562074881928785,-0.1947301937420797,1.0676656583539943,0.4268604420732302,83.1081081081081,2
2022/23,Rangpur Riders,1.301056553843961,0.4087413747167304,6.071428571428571,0.4031431629918404,7.273809523809524,8.553571428571429,1.2946932868403278,0.1675785593929573,8.553571428571429,7.273809523809524,9.428571428571429,0.6428571428571429,14,1.0,0.7,3.0,1,10,1.301056553843961,0.4087413747167304,6.071428571428571,0.4031431629918404,7.273809523809524,8.553571428571429,1.2946932868403278,0.1675785593929573,8.553571428571429,7.273809523809524,9.283398744113027,0.5714285714285714,0.6710034013605441,0.3673469387755101,-0.0923286811620758,-0.7098993492602139,0.0807698296841143,1.065392843317328,-0.3190352812802779,0.8851539745685633,0.4421610137876958,0.2511964461040552,-0.8851539745685633,0.3190352812802779,1.0250163805842634,1.0801234497346432,0.4071792220019718,0.9966102469348106,-0.4011140152111449,0.5730813365007211,0.3360932356919937,-0.1049740823947433,1.0250163805842634,0.8279709728904753,0.3760123046769275,77.7027027027027,3
2022/23,Fortune Barishal,1.483810018067889,0.3519134663437512,5.769230769230769,0.3636341739114839,8.153846153846153,11.421775147928996,1.4011242678864764,0.1980634682658671,11.421775147928996,8.153846153846153,9.076923076923077,0.5384615384615384,13,0.5,0.6666666666666666,0.5,2,3,1.483810018067889,0.3519134663437512,5.769230769230769,0.3636341739114839,8.153846153846153,11.421775147928996,1.4011242678864764,0.1980634682658671,11.421775147928996,8.153846153846153,9.035156572750555,0.5,0.637339380196523,0.0714285714285714,1.6550286554216038,1.4584291695755984,-0.4284504393396482,-1.8695175845894092,-1.4691283489658344,-1.81313700066336,-1.6047479515537126,1.7200212967143549,1.81313700066336,1.4691283489658344,0.2680350352774898,0.0,0.1151866429943116,0.3108072634508561,1.5567289124986012,-1.148984011964529,-1.6290044337276357,1.6674288821145165,0.2680350352774898,0.1419979688150559,0.1427003921689165,60.13513513513513,4
2022/23,Dhaka Dominators,1.1244494661647446,0.4367428941354864,6.416666666666667,0.4050741073289574,5.944444444444444,8.129216701173222,1.2681265648374571,0.1247080005949535,8.129216701173222,5.944444444444444,9.666666666666666,0.25,12,0.0,0.2857142857142857,-3.0,1,7,1.1244494661647446,0.4367428941354864,6.416666666666667,0.4050741073289574,5.944444444444444,8.129216701173222,1.2681265648374571,0.1247080005949535,8.129216701173222,5.944444444444444,9.425998604570031,0.4285714285714286,0.4412349555206698,-0.4897959183673469,-1.7809187807228273,-1.7783267270183782,0.6625154097506565,1.208832318804438,1.4182714512103924,1.2843698752759418,0.9530992848896958,-1.814394183822849,-1.2843698752759418,-1.4182714512103924,1.459855608813878,-1.0801234497346432,-1.5857698897063723,-0.9898535672945746,-1.7796227538706026,0.9356738642775472,1.21858020379201,-1.5056785034363944,1.459855608813878,-1.2185823022451967,-0.1482956471114598,38.513513513513516,5
2022/23,Khulna Tigers,1.2613206135096042,0.3916322260253135,5.666666666666667,0.3847366784849315,6.222222222222222,8.896652421652421,1.3334015304151,0.1526809360178829,8.896652421652421,6.222222222222222,8.166666666666666,0.25,12,0.0,0.4285714285714285,-4.0,1,7,1.2613206135096042,0.3916322260253135,5.666666666666667,0.3847366784849315,6.222222222222222,8.896652421652421,1.3334015304151,0.1526809360178829,8.896652421652421,6.222222222222222,8.425998604570033,0.4285714285714286,0.5181580324437467,-0.6326530612244897,-0.4722551967230219,-0.0570818146588278,-0.6012767124628642,-0.3019259511615152,1.0552521339735352,0.5623971420757177,-0.3022862329351808,-0.4666013180148161,-0.5623971420757177,-1.0552521339735352,-1.5895108270019906,-1.0801234497346432,-0.9185600068900168,-1.3209308696661386,-0.2646685056909248,-0.4516013318121897,0.4384543477046907,-0.6947501980213563,-1.5895108270019906,-1.1065381087635997,-0.6114357705975617,8.783783783783784,6
2022/23,Chattogram Challengers,1.2642190584000927,0.3998813498244207,4.916666666666667,0.3808153895674691,6.916666666666667,9.373824786324787,1.3837712246372638,0.1533170295450711,9.373824786324787,6.916666666666667,8.416666666666666,0.25,12,0.0,0.5,-3.0,1,4,1.2642190584000927,0.3998813498244207,4.916666666666667,0.3808153895674691,6.916666666666667,9.373824786324787,1.3837712246372638,0.1533170295450711,9.373824786324787,6.916666666666667,8.592665271236699,0.4285714285714286,0.5736054421768707,-0.4897959183673469,-0.4445423488950163,-0.3718357956009869,-1.8650688346763848,-0.5932174269137354,0.147703840881394,0.1134925274781486,-1.2710096034371154,-0.4359530394209195,-0.1134925274781486,-0.147703840881394,-1.0812830876993478,-1.0801234497346432,-0.4376242301334109,-0.9898535672945746,-0.4081890722480016,-1.2291431307950602,-0.3366044116925242,-0.2323831359268207,-1.0812830876993478,-0.8358670823875429,-0.6872449867915496,2.027027027027027,7
2023/24,Rangpur Riders,1.424143227310648,0.3627707887888883,6.846153846153846,0.436490765343745,7.576923076923077,11.650017415534656,1.271791965575825,0.1761908905574064,11.650017415534656,7.576923076923077,10.538461538461538,0.6153846153846154,13,1.0,0.5,6.0,2,2,1.424143227310648,0.3627707887888883,6.846153846153846,0.436490765343745,7.576923076923077,11.650017415534656,1.271791965575825,0.1761908905574064,11.650017415534656,7.576923076923077,10.239271255060729,0.55,0.5153061224489797,0.1499999999999999,1.1875725211015566,1.6711634190138969,0.7541655246456398,1.6168895601208744,-0.31058906967888,-1.7443052130169945,1.2172193284529895,0.8920994377365119,1.7443052130169945,0.31058906967888,1.021135690858166,1.4819960743622644,-0.0773468422904785,1.1436002586174403,1.4293679700577266,1.185527542383257,-0.2792249847476283,0.9823312401441288,1.021135690858166,0.8494164968964087,0.8647589925986766,97.97297297297297,1
2023/24,Comilla Victorians,1.3987677074445746,0.391410476387486,7.142857142857143,0.4195740767637587,7.928571428571429,10.92020967538209,1.2760724224678055,0.1741783696001232,10.92020967538209,7.928571428571429,10.5,0.6428571428571429,14,0.0,0.75,-8.0,1,8,1.3987677074445746,0.391410476387486,7.142857142857143,0.4195740767637587,7.928571428571429,10.92020967538209,1.2760724224678055,0.1741783696001232,10.92020967538209,7.928571428571429,10.227307692307692,0.3428571428571429,0.6516034985422741,-2.685714285714286,0.909493271994917,0.5185478367940475,1.149363923027021,0.8425424632252299,-0.7713828725194498,-1.0827004391,1.116897314508162,0.7527492860647735,1.0827004391,0.7713828725194498,1.0019364036982643,-0.7464869115306221,1.205510092657937,-0.7313644131807113,0.7140205543944822,0.9959531931261254,-0.2457286657037626,0.8689441992280744,1.0019364036982643,-0.0907804106844654,0.5407242123431197,92.56756756756756,2
2023/24,Fortune Barishal,1.3966623150227775,0.381231050784369,7.266666666666667,0.4182690505339225,7.966666666666667,9.246734693877553,1.3157341359451695,0.1796250990394941,9.246734693877553,7.966666666666667,10.066666666666666,0.6666666666666666,15,0.0,0.75,-7.0,2,8,1.3966623150227775,0.381231050784369,7.266666666666667,0.4182690505339225,7.966666666666667,9.246734693877553,1.3157341359451695,0.1796250990394941,9.246734693877553,7.966666666666667,9.930769230769233,0.3,0.6516034985422741,-3.1,0.8864211951737113,0.928222856041636,1.314273871981226,0.7828059924810752,-0.8213022011605112,0.4343827266151223,0.1873369724787336,1.1298894945900446,-0.4343827266151223,0.8213022011605112,0.526047473739901,-1.2075523568877713,1.205510092657937,-1.0052887229144465,0.9073220256076736,1.0485399322311506,-0.066527500688885,0.5056029897118112,0.526047473739901,-0.3357769957147602,0.4308679874811486,84.45945945945947,3
2023/24,Chattogram Challengers,1.3216520579173188,0.4080653052073695,5.461538461538462,0.3790695039703632,7.538461538461538,9.30373247442213,1.3775368550814684,0.1667155361661466,9.30373247442213,7.538461538461538,8.615384615384615,0.5384615384615384,13,1.0,0.5,10.0,2,6,1.3216520579173188,0.4080653052073695,5.461538461538462,0.3790695039703632,7.538461538461538,9.30373247442213,1.3775368550814684,0.1667155361661466,9.30373247442213,7.538461538461538,8.923481781376518,0.55,0.5102040816326531,1.15,0.0644165197514833,-0.1517323522238624,-1.0900936678008002,-1.011520062384593,-0.260189747493193,0.3827115786726746,-1.2611470112370693,0.2360108306653117,-0.3827115786726746,0.260189747493193,-1.0904610356961173,1.4819960743622644,-0.125368224882131,1.8047968683195597,-0.0436579162361895,-1.0508068650926967,-0.3795417266858625,0.0378296664952766,-1.0904610356961173,1.0538082392665642,-0.2454716063248375,35.810810810810814,4
2023/24,Khulna Tigers,1.2885382148248616,0.4257377126103032,6.083333333333333,0.3929906106364669,8.0,9.654068420335287,1.348985191028688,0.1616027178370632,9.654068420335287,8.0,9.166666666666666,0.4166666666666667,12,,0.5714285714285714,,0,7,1.2885382148248616,0.4257377126103032,6.083333333333333,0.3929906106364669,8.0,9.654068420335287,1.348985191028688,0.1616027178370632,9.654068420335287,8.0,9.308119658119658,0.4,0.5478806907378335,-1.8,-0.2984636368240214,-0.8629653947573324,-0.2618846786003158,-0.3742931913274938,-0.86498161372144,0.0651156948000046,-0.5919753523383807,-0.1180088415519733,-0.0651156948000046,0.86498161372144,-0.473188973802018,-0.1317329843877572,0.2292512157946824,-0.1457331303016915,-0.5807145157906769,-0.3180889349639048,-0.4639470904199387,0.2272856924564873,-0.473188973802018,-0.0160716329649221,-0.2707875759141622,30.405405405405407,5
2023/24,Sylhet Strikers,1.211116720336552,0.4249478179110428,5.909090909090909,0.3743981116622626,5.924242424242425,9.234159779614323,1.2945613709764652,0.1457630797093314,9.234159779614323,5.924242424242425,8.0,0.4545454545454545,11,,0.4285714285714285,,0,7,1.211116720336552,0.4249478179110428,5.909090909090909,0.3743981116622626,5.924242424242425,9.234159779614323,1.2945613709764652,0.1457630797093314,9.234159779614323,5.924242424242425,8.561538461538461,0.4,0.4709576138147566,-1.8,-1.1468920105341978,-0.8311757694150168,-0.4939694843837688,-1.2253490901600328,1.8550545321182248,0.4457824732201774,0.6835677431752718,-1.214770575901596,-0.4457824732201774,-1.8550545321182248,-1.6713125660159722,-0.1317329843877572,-0.4947634755871463,-0.1457331303016915,-0.9890338899746072,-0.8596592872719009,0.9948015828378912,-1.171869193746666,-1.6713125660159722,-0.2574098634255317,-0.6590805362661311,6.081081081081082,6
2023/24,Durdanto Dhaka,1.169536832178075,0.435902731135782,5.25,0.3873808404507354,6.444444444444444,8.072354497354498,1.3814089858257983,0.1390734723008734,8.072354497354498,6.444444444444444,10.25,0.0833333333333333,12,0.0,0.1428571428571428,-10.0,1,7,1.169536832178075,0.435902731135782,5.25,0.3873808404507354,6.444444444444444,8.072354497354498,1.3814089858257983,0.1390734723008734,8.072354497354498,6.444444444444444,10.03034188034188,0.3428571428571429,0.3171114599686028,-2.9714285714285715,-1.602547860663447,-1.2720605954533757,-1.3718554888690064,-0.6310756719550598,1.1733909724552445,1.4990131788090135,-1.3518989950396918,-1.6779696316030763,-1.4990131788090135,-1.1733909724552445,0.6858430072177761,-0.7464869115306221,-1.9427928583508045,-0.9202777302384596,-1.4373042280584112,-1.0014655804120332,0.4401683854081888,-1.4501245942891117,0.6858430072177761,-1.2031858333732952,-0.6610114739178145,4.72972972972973,7
2024/25,Fortune Barishal,1.5577223087780356,0.3343390104503647,6.5,0.4350727652703089,7.797619047619048,13.407571707045392,1.3425561761903877,0.2094078701686963,13.407571707045392,7.797619047619048,8.5,0.7857142857142857,14,0.6666666666666666,0.9090909090909092,1.0,3,11,1.5577223087780356,0.3343390104503647,6.5,0.4350727652703089,7.797619047619048,13.407571707045392,1.3425561761903877,0.2094078701686963,13.407571707045392,7.797619047619048,8.835188383045526,0.5746031746031746,0.754059805740478,0.5333333333333333,1.7815349501851931,1.735521046177102,0.2128986774377881,1.689555166275564,-0.1805751863774917,-1.853722961312516,1.02910964428753,1.853557725249933,1.853722961312516,0.1805751863774917,-2.1922876374642373,0.79232797323342,2.0934853945111525,0.3348098035028685,1.7585279981811477,0.951226921856676,-0.3350628344674924,1.2959519576466467,-2.1922876374642373,1.0735410570824804,0.4253162438058702,81.75675675675676,1
2024/25,Chittagong Kings,1.4724698557041185,0.3717783362565462,6.266666666666667,0.3940847323622481,8.066666666666666,9.82682769726248,1.3427457438556425,0.1915325532707399,9.82682769726248,8.066666666666666,9.8,0.6,15,0.5,0.6,0.0,2,5,1.4724698557041185,0.3717783362565462,6.266666666666667,0.3940847323622481,8.066666666666666,9.82682769726248,1.3427457438556425,0.1915325532707399,9.82682769726248,8.066666666666666,9.74779846004336,0.5214285714285715,0.5290015179625569,0.2249999999999999,0.7441042042366556,0.6095313310508607,-0.0787944252492889,0.2003271425390951,-0.6294341303812991,0.3699684194523064,1.0266806372419297,0.6263695950751892,-0.3699684194523064,0.6294341303812991,0.3722536873226223,-0.0386580023533288,0.3676403686020838,-0.0329130685787322,0.6768177676437581,0.060766358644903,0.255738308770979,0.2952784353347273,0.3722536873226223,0.0986897658900076,0.2932573872678329,66.8918918918919,2
2024/25,Rangpur Riders,1.3751563333423946,0.4214692178068847,7.076923076923077,0.4166000328203614,6.320512820512821,11.257501589319771,1.3471944975292511,0.1819625172415328,11.257501589319771,6.320512820512821,9.461538461538462,0.6153846153846154,13,0.6666666666666666,0.5714285714285714,3.6666666666666665,3,7,1.3751563333423946,0.4214692178068847,7.076923076923077,0.4166000328203614,6.320512820512821,11.257501589319771,1.3471944975292511,0.1819625172415328,11.257501589319771,6.320512820512821,9.510724613732132,0.5746031746031746,0.5245397459683174,1.422222222222222,-0.4400967947313166,-0.8849245747763548,0.9341178873783628,1.0183809505927803,2.2837184714786827,-0.5184997854127317,0.9696769599386358,-0.0306388757357662,0.5184997854127317,-2.2837184714786827,-0.2939516189910748,0.79232797323342,0.3334255566125917,1.394911777071447,-0.6625106847538357,0.9762494189855716,0.911631882001529,-0.5986191872672392,-0.2939516189910748,0.8402217689724862,0.1955035964912395,61.48648648648649,3
2024/25,Khulna Tigers,1.4627942563409662,0.367218758249928,7.214285714285714,0.3813771059263899,8.154761904761905,11.09471371540337,1.401456665413147,0.1812668937805817,11.09471371540337,8.154761904761905,10.142857142857142,0.5,14,0.2,0.375,-3.4,5,8,1.4627942563409662,0.367218758249928,7.214285714285714,0.3813771059263899,8.154761904761905,11.09471371540337,1.401456665413147,0.1812668937805817,11.09471371540337,8.154761904761905,9.985188383045523,0.3792207792207792,0.4156440498277233,-1.3818181818181818,0.6263625568953037,0.7466608821369622,1.105836746888024,-0.2613820945424627,-0.7764056430197155,-0.417406272128358,0.2743938908444248,-0.0783952796766578,0.417406272128358,0.7764056430197155,1.039347206199546,-2.261009912640282,-0.5016340956344689,-1.949228085003978,0.686511719516133,0.4222273261727806,-0.3064726747678829,0.3718055451571385,1.039347206199546,-1.5706240310929098,0.1071325151974675,57.432432432432435,4
2024/25,Durbar Rajshahi,1.347379554942755,0.4376304157358291,6.916666666666667,0.3791788245323519,7.902777777777779,8.493853514906148,1.4827826249903917,0.1842396245652077,8.493853514906148,7.902777777777779,10.0,0.5,12,0.5,0.3333333333333333,-2.5,2,6,1.347379554942755,0.4376304157358291,6.916666666666667,0.3791788245323519,7.902777777777779,8.493853514906148,1.4827826249903917,0.1842396245652077,8.493853514906148,7.902777777777779,9.87243153671725,0.5214285714285715,0.4015847247990105,-0.4,-0.7781103403380383,-1.3709734621499194,0.733779217950426,-0.3412527793202148,-0.3560141541665912,1.1977637580717553,-0.7676684700418179,0.1256906089217754,-1.1977637580717553,0.3560141541665912,0.7224872466725075,-0.0386580023533288,-0.6094471266852773,-0.7782972687441392,-1.074541901243979,0.1962632193151055,0.024693711287782,-0.2386863316611295,0.7224872466725075,-0.4754674659275817,-0.1408752535928825,39.86486486486486,5
2024/25,Sylhet Strikers,1.305162091957814,0.4008446317842509,5.333333333333333,0.3476017479106749,7.472222222222221,8.418700159489633,1.5368930084627217,0.1623653643535474,8.418700159489633,7.472222222222221,9.916666666666666,0.1666666666666666,12,0.6666666666666666,0.1666666666666666,1.3333333333333333,3,6,1.305162091957814,0.4008446317842509,5.333333333333333,0.3476017479106749,7.472222222222221,8.418700159489633,1.5368930084627217,0.1623653643535474,8.418700159489633,7.472222222222221,9.816875981161695,0.5746031746031746,0.3182513914656771,0.6444444444444444,-1.2918515001208286,-0.2646390530646437,-1.245566835997597,-1.4885502726680104,0.3622925630076485,1.2444350275673342,-1.4610066641774753,-1.376035634106234,-1.2444350275673342,-0.3622925630076485,0.5663696213747406,0.79232797323342,-1.248483441436202,0.4673225501989407,-0.7782452765927361,-1.3670585543328038,0.0485736421325024,-0.9942544082270725,0.5663696213747406,0.0037223606653862,-0.4201487691633305,16.89189189189189,6
2024/25,Dhaka Capitals,1.3585693074613614,0.4110370365771372,5.0,0.3660826806783228,8.111111111111112,10.4588693957115,1.5064701269516956,0.1660868148900851,10.4588693957115,8.111111111111112,9.5,0.25,12,0.5,0.3333333333333333,2.0,2,3,1.3585693074613614,0.4110370365771372,5.0,0.3660826806783228,8.111111111111112,10.4588693957115,1.5064701269516956,0.1660868148900851,10.4588693957115,8.111111111111112,9.53909820338392,0.5214285714285715,0.4243351886209029,0.725,-0.6419430761269744,-0.5711761693740003,-1.662271268407707,-0.8170781128767515,-0.7035819205412231,-0.0225381862377936,-1.071185998093227,-1.1205481397282446,0.0225381862377936,0.7035819205412231,-0.2142185051140941,-0.0386580023533288,-0.4349866559698813,0.5633942915535933,-0.6065596227504874,-1.2396746906422291,-0.5991020349574145,-0.1314760109830759,-0.2142185051140941,0.0299165444101277,-0.4601857200061955,14.18918918918919,7
2025/26,Rajshahi Warriors,1.2873288195656754,0.3759438703859651,7.166666666666667,0.4131645123625668,8.26388888888889,8.412317927170868,1.2001897110195334,0.1445442300533763,8.412317927170868,8.26388888888889,10.25,0.75,12,0.6666666666666666,1.0,1.6666666666666667,3,6,1.2873288195656754,0.3759438703859651,7.166666666666667,0.4131645123625668,8.26388888888889,8.412317927170868,1.2001897110195334,0.1445442300533763,8.412317927170868,8.26388888888889,10.162962962962965,0.5277777777777778,0.780952380952381,0.4722222222222222,0.6112348512819322,1.3909979439919904,0.766482779526707,0.5135192227382265,-1.5982765745547172,1.2649530076247533,1.2567014444770797,-0.7107914237911104,-1.2649530076247533,1.5982765745547172,0.3197923728132488,0.8213696339032032,1.542305728869922,0.7373133583672006,1.0011163976369613,0.6400010011324667,0.3077926258490386,-0.1258226189537155,0.3197923728132488,1.033662907046775,0.5294237809207959,91.89189189189189,1
2025/26,Chattogram Royals,1.2568285245918005,0.4212319857615778,7.916666666666667,0.4237381756125353,7.375,8.867138788639803,1.2217733900589332,0.1565862933313589,8.867138788639803,7.375,11.083333333333334,0.5833333333333334,12,0.5,0.7142857142857143,0.0,2,7,1.2568285245918005,0.4212319857615778,7.916666666666667,0.4237381756125353,7.375,8.867138788639803,1.2217733900589332,0.1565862933313589,8.867138788639803,7.375,10.718518518518518,0.46875,0.6439560439560439,-0.09375,-0.1070017807330529,-0.5763634209127777,1.6360220672250714,1.3773406468554787,0.2121606072417772,0.4018503869447105,0.8444613351238677,0.3734974150404821,-0.4018503869447105,-0.2121606072417772,1.3992602979212645,0.0264957946420389,0.4192414519093416,0.0076103989631101,-0.3416826008229153,1.506681357040275,0.4861574431034518,-0.0801711930486685,1.3992602979212645,0.1511158818381635,0.5202268643385951,91.89189189189189,1
2025/26,Sylhet Titans,1.2709691438504995,0.407692566379007,6.75,0.4005311124052408,7.069444444444444,9.785714285714285,1.2547287076263811,0.1522694584135262,9.785714285714285,7.069444444444444,10.0,0.5,12,0.75,0.5714285714285714,0.75,4,7,1.2709691438504995,0.407692566379007,6.75,0.4005311124052408,7.069444444444444,9.785714285714285,1.2547287076263811,0.1522694584135262,9.785714285714285,7.069444444444444,9.996296296296295,0.575,0.567032967032967,0.225,0.2259887939375793,0.0118025995892874,0.2834053974720595,-0.5185735614359503,0.8344983884843233,-1.3413082629397102,0.2150272292434411,-0.0151980943945676,1.3413082629397102,-0.8344983884843233,-0.0040480047191548,1.4572687053121336,-0.2113561367583633,0.418571942971058,0.1188956967634334,-0.1175840819819454,-0.0972608817373152,0.1638705933536064,-0.0040480047191548,0.554828170508276,0.1031169153644834,56.75675675675676,3
2025/26,Rangpur Riders,1.280904679403711,0.3945341519155926,6.0,0.418409399517629,7.266666666666666,9.692767425810905,1.2536823579492746,0.1627820746643827,9.692767425810905,7.266666666666666,8.4,0.6,10,0.3333333333333333,0.8,-1.6666666666666667,3,5,1.280904679403711,0.3945341519155926,6.0,0.418409399517629,7.266666666666666,9.692767425810905,1.2536823579492746,0.1627820746643827,9.692767425810905,7.266666666666666,8.995833333333334,0.4166666666666667,0.6701298701298701,-0.638888888888889,0.4599558948825405,0.5834173824968986,-0.586133890226305,0.9420032575058008,0.4328076387732268,-1.1649252401656605,0.2350121124751074,0.9313766083446604,1.1649252401656605,-0.4328076387732268,-1.9479898265178408,-0.6748634752942819,0.6338084236378341,-0.6952323288064739,0.5216866386897195,0.1779346836397479,-0.1657018296391087,0.5544980699123648,-1.9479898265178408,-0.2454291268209739,-0.1841668984560151,36.486486486486484,4
2025/26,Dhaka Capitals,1.3008114363189405,0.3989821596582509,5.4,0.3921042055602049,8.0,9.176073867827991,1.354732489094482,0.165546122426499,9.176073867827991,8.0,10.3,0.3,10,0.0,0.2857142857142857,-5.5,2,7,1.3008114363189405,0.3989821596582509,5.4,0.3921042055602049,8.0,9.176073867827991,1.354732489094482,0.165546122426499,9.176073867827991,8.0,10.183333333333334,0.34375,0.4131868131868131,-1.46875,0.92873044455106,0.3901914442761289,-1.281765320384996,-1.2070145018833447,-1.0608030362088825,-0.1844082899465516,-1.6950071876365378,1.1802563949124505,0.1844082899465516,1.0608030362088825,0.3593728634005431,-1.6567664532051318,-1.472551314093774,-1.765164888914312,0.6594609444135945,-1.2443899111341703,-0.9800728379306572,0.8084892403559613,0.3593728634005431,-1.631494218737739,-0.3381056532720779,25.675675675675674,5
2025/26,Noakhali Express,1.171391863981935,0.4494008196747183,5.8,0.3933250727461761,6.9,8.539375766662124,1.3108147478245828,0.1329013077256887,8.539375766662124,6.9,9.9,0.2,10,0.5,0.0,4.0,2,1,1.171391863981935,0.4494008196747183,5.8,0.3933250727461761,6.9,8.539375766662124,1.3108147478245828,0.1329013077256887,8.539375766662124,6.9,9.933333333333334,0.46875,0.4816326530612245,0.90625,-2.1189082039200597,-1.8000459494415373,-0.8180110336125357,-1.1072750637802065,1.1796129762642775,1.0238383984824515,-0.856194933682971,-1.7591409001119047,-1.0238383984824515,-1.1796129762642775,-0.126387702898064,0.0264957946420389,-0.911448153564958,1.2969015174194172,-1.9594770766807983,-0.9626430486963712,0.4490854803545862,-1.3208640916195449,-0.126387702898064,0.1373163861654993,-0.6304950088957821,8.108108108108109,6
